mfcc_1,mfcc_2,mfcc_3,mfcc_4,mfcc_5,mfcc_6,mfcc_7,mfcc_8,mfcc_9,mfcc_10,mfcc_11,mfcc_12,mfcc_13,label
-220.1279,122.71212,21.407635,23.46103,20.586346,11.257914,1.2448888,-0.85058624,2.6395276,1.1749256,0.69008034,-1.2820318,-1.8058478,jazz
-153.79253,118.080444,10.230799,32.494843,4.6130924,14.7389345,4.4104676,8.046898,1.1193714,6.2400107,-0.2989021,2.2271283,-0.34333035,jazz
-93.84457,82.29004,-41.248848,25.73235,-5.5660095,3.4982774,-1.6913136,1.9526348,4.2579193,-1.3427805,2.2087173,-1.5782622,-0.989433,rock
-45.462917,91.530136,-15.050598,34.727142,-1.3537959,17.802,-0.3956021,8.664806,0.565722,5.525565,-0.4417099,4.33985,0.97416306,rock
